{"cameraMode":{"drawMode":0,"name":"Shaded","section":"Shading Mode"},"sceneLighting":true,"audioPlay":false,"sceneViewState":{"showFog":true,"showMaterialUpdate":true,"showSkybox":true,"showFlares":true,"showImageEffects":true,"showParticleSystems":true},"in2DMode":false,"pivot":{"x":0.4404296875,"y":6.009033203125,"z":2.92041015625},"rotation":{"x":0.21061187982559205,"y":-0.49522385001182558,"z":0.12513339519500733,"w":0.8335092663764954},"size":3.114807605743408,"orthographic":true}