{"cameraMode":{"drawMode":0,"name":"Shaded","section":"Shading Mode"},"sceneLighting":false,"audioPlay":false,"sceneViewState":{"showFog":true,"showMaterialUpdate":true,"showSkybox":false,"showFlares":true,"showImageEffects":true,"showParticleSystems":true},"in2DMode":false,"pivot":{"x":1.8604669570922852,"y":2.9130825996398927,"z":-1.3329744338989258},"rotation":{"x":0.06475667655467987,"y":0.01586928591132164,"z":-0.0010299435816705227,"w":0.9977743625640869},"size":13.823559761047364,"orthographic":false}