{"cameraMode":{"drawMode":0,"name":"Shaded","section":"Shading Mode"},"sceneLighting":false,"audioPlay":false,"sceneViewState":{"showFog":true,"showMaterialUpdate":true,"showSkybox":false,"showFlares":true,"showImageEffects":true,"showParticleSystems":true},"in2DMode":false,"pivot":{"x":0.20277729630470277,"y":2.3929696083068849,"z":-0.4947080612182617},"rotation":{"x":-0.10000143945217133,"y":0.020299619063735009,"z":0.0020406385883688928,"w":0.9947781562805176},"size":5.337299346923828,"orthographic":false}