{"cameraMode":{"drawMode":0,"name":"Shaded","section":"Shading Mode"},"sceneLighting":false,"audioPlay":false,"sceneViewState":{"showFog":true,"showMaterialUpdate":true,"showSkybox":false,"showFlares":true,"showImageEffects":true,"showParticleSystems":true},"in2DMode":false,"pivot":{"x":0.07803289592266083,"y":2.010580539703369,"z":0.0},"rotation":{"x":0.3938572108745575,"y":0.22516749799251557,"z":-0.1001485139131546,"w":0.8855203986167908},"size":9.859068870544434,"orthographic":true}