{"cameraMode":{"drawMode":0,"name":"Shaded","section":"Shading Mode"},"sceneLighting":true,"audioPlay":false,"sceneViewState":{"showFog":true,"showMaterialUpdate":true,"showSkybox":false,"showFlares":true,"showImageEffects":true,"showParticleSystems":true},"in2DMode":false,"pivot":{"x":0.9306784272193909,"y":2.216700553894043,"z":0.3847808837890625},"rotation":{"x":0.03921988978981972,"y":0.06381040811538696,"z":-0.0025097050238400699,"w":0.9971879720687866},"size":13.874685287475586,"orthographic":false}