{"cameraMode":{"drawMode":0,"name":"Shaded","section":"Shading Mode"},"sceneLighting":true,"audioPlay":false,"sceneViewState":{"showFog":true,"showMaterialUpdate":true,"showSkybox":true,"showFlares":true,"showImageEffects":true,"showParticleSystems":true},"in2DMode":false,"pivot":{"x":1.44207763671875,"y":6.205322265625,"z":3.13134765625},"rotation":{"x":0.38567420840263369,"y":0.13488014042377473,"z":-0.05710615962743759,"w":0.9109344482421875},"size":5.362987995147705,"orthographic":true}