{"cameraMode":{"drawMode":0,"name":"Shaded","section":"Shading Mode"},"sceneLighting":true,"audioPlay":false,"sceneViewState":{"showFog":true,"showMaterialUpdate":true,"showSkybox":true,"showFlares":true,"showImageEffects":true,"showParticleSystems":true},"in2DMode":false,"pivot":{"x":1.9993478059768677,"y":5.8412675857543949,"z":2.07769513130188},"rotation":{"x":0.2702938914299011,"y":0.4042879045009613,"z":-0.12639117240905763,"w":0.8645911812782288},"size":4.821480751037598,"orthographic":true}