{"cameraMode":{"drawMode":0,"name":"Shaded","section":"Shading Mode"},"sceneLighting":false,"audioPlay":false,"sceneViewState":{"showFog":true,"showMaterialUpdate":true,"showSkybox":false,"showFlares":true,"showImageEffects":true,"showParticleSystems":true},"in2DMode":false,"pivot":{"x":0.0006420016288757324,"y":0.8284939527511597,"z":-0.06277415156364441},"rotation":{"x":0.5165756344795227,"y":-0.09843415766954422,"z":0.05993121489882469,"w":0.848450779914856},"size":4.252254962921143,"orthographic":false}