{"cameraMode":{"drawMode":0,"name":"Shaded","section":"Shading Mode"},"sceneLighting":false,"audioPlay":false,"sceneViewState":{"showFog":true,"showMaterialUpdate":true,"showSkybox":true,"showFlares":true,"showImageEffects":true,"showParticleSystems":true},"in2DMode":false,"pivot":{"x":3.035858154296875,"y":6.4351806640625,"z":0.87744140625},"rotation":{"x":0.2767912745475769,"y":0.017295820638537408,"z":-0.004982617683708668,"w":0.9607614874839783},"size":4.806249141693115,"orthographic":true}