{"cameraMode":{"drawMode":0,"name":"Shaded","section":"Shading Mode"},"sceneLighting":false,"audioPlay":false,"sceneViewState":{"showFog":true,"showMaterialUpdate":true,"showSkybox":false,"showFlares":true,"showImageEffects":true,"showParticleSystems":true},"in2DMode":false,"pivot":{"x":0.4138181805610657,"y":5.540917873382568,"z":6.543828964233398},"rotation":{"x":-0.10000143945217133,"y":0.020299619063735009,"z":0.0020406385883688928,"w":0.9947781562805176},"size":21.279096603393556,"orthographic":false}